[
{
  "model": "courses.subject",
  "pk": 33,
  "fields": {
    "title": "Программирование",
    "slug": "programmirovanie",
    "parent": null,
    "lft": 1,
    "rght": 10,
    "tree_id": 5,
    "level": 0
  }
},
{
  "model": "courses.subject",
  "pk": 34,
  "fields": {
    "title": "Python",
    "slug": "python",
    "parent": 33,
    "lft": 6,
    "rght": 7,
    "tree_id": 5,
    "level": 1
  }
},
{
  "model": "courses.subject",
  "pk": 35,
  "fields": {
    "title": "Java",
    "slug": "java",
    "parent": 33,
    "lft": 2,
    "rght": 3,
    "tree_id": 5,
    "level": 1
  }
},
{
  "model": "courses.subject",
  "pk": 36,
  "fields": {
    "title": "JavaScript",
    "slug": "javascript",
    "parent": 33,
    "lft": 4,
    "rght": 5,
    "tree_id": 5,
    "level": 1
  }
},
{
  "model": "courses.subject",
  "pk": 37,
  "fields": {
    "title": "Rust",
    "slug": "rust",
    "parent": 33,
    "lft": 8,
    "rght": 9,
    "tree_id": 5,
    "level": 1
  }
},
{
  "model": "courses.subject",
  "pk": 38,
  "fields": {
    "title": "Data Science & AI",
    "slug": "data-science-ai",
    "parent": null,
    "lft": 1,
    "rght": 8,
    "tree_id": 1,
    "level": 0
  }
},
{
  "model": "courses.subject",
  "pk": 39,
  "fields": {
    "title": "Машинное обучение",
    "slug": "mashinnoe-obuchenie",
    "parent": 38,
    "lft": 6,
    "rght": 7,
    "tree_id": 1,
    "level": 1
  }
},
{
  "model": "courses.subject",
  "pk": 40,
  "fields": {
    "title": "Анализ данных",
    "slug": "analiz-dannyh",
    "parent": 38,
    "lft": 4,
    "rght": 5,
    "tree_id": 1,
    "level": 1
  }
},
{
  "model": "courses.subject",
  "pk": 41,
  "fields": {
    "title": "Big Data",
    "slug": "big-data",
    "parent": 38,
    "lft": 2,
    "rght": 3,
    "tree_id": 1,
    "level": 1
  }
},
{
  "model": "courses.subject",
  "pk": 42,
  "fields": {
    "title": "DevOps & Администрирование",
    "slug": "devops-administrirovanie",
    "parent": null,
    "lft": 1,
    "rght": 4,
    "tree_id": 2,
    "level": 0
  }
},
{
  "model": "courses.subject",
  "pk": 46,
  "fields": {
    "title": "Cloud Platforms",
    "slug": "cloud-platforms",
    "parent": 42,
    "lft": 2,
    "rght": 3,
    "tree_id": 2,
    "level": 1
  }
},
{
  "model": "courses.subject",
  "pk": 47,
  "fields": {
    "title": "Frontend & Дизайн",
    "slug": "frontend-dizajn",
    "parent": null,
    "lft": 1,
    "rght": 2,
    "tree_id": 3,
    "level": 0
  }
},
{
  "model": "courses.subject",
  "pk": 48,
  "fields": {
    "title": "Кибербезопасность",
    "slug": "kiberbezopasnost",
    "parent": null,
    "lft": 1,
    "rght": 2,
    "tree_id": 4,
    "level": 0
  }
},
{
  "model": "courses.course",
  "pk": 4,
  "fields": {
    "owner": 2,
    "subject": 34,
    "title": "Веб-разработка на Django",
    "slug": "veb-razrabotka-na-django",
    "overview": "Курс «Веб-разработка на Django» обучает созданию современных веб-приложений с использованием популярного Python-фреймворка Django. Вы освоите работу с моделями, шаблонами, маршрутизацией и базами данных, а также научитесь разворачивать готовые проекты на сервере. Программа подходит для начинающих и тех, кто хочет углубить знания в бэкенд-разработке.",
    "created": "2025-10-16T09:57:01.660Z"
  }
},
{
  "model": "courses.course",
  "pk": 5,
  "fields": {
    "owner": 2,
    "subject": 34,
    "title": "Data Science (Pandas/NumPy)",
    "slug": "data-science-pandas-numpy",
    "overview": "Курс «Data Science (Pandas/NumPy)» познакомит вас с основами анализа данных с помощью мощных библиотек Python — Pandas и NumPy. Вы научитесь обрабатывать, очищать и визуализировать данные, выполнять статистические вычисления и готовить их для машинного обучения. Программа идеально подходит для тех, кто хочет уверенно работать с данными и строить аналитические решения.",
    "created": "2025-10-16T16:41:13.820Z"
  }
},
{
  "model": "courses.course",
  "pk": 6,
  "fields": {
    "owner": 2,
    "subject": 34,
    "title": "Автоматизация и скрипты",
    "slug": "avtomatizatsiia-i-skripty",
    "overview": "Курс «Автоматизация и скрипты» научит вас создавать эффективные скрипты для упрощения рутинных задач и повышения производительности. Вы освоите основы работы с файлами, системными процессами, API и автоматизацией типовых бизнес-процессов. Программа подойдёт как начинающим, так и практикующим специалистам, желающим оптимизировать свою работу с помощью Python.",
    "created": "2025-10-16T17:41:58.549Z"
  }
},
{
  "model": "courses.course",
  "pk": 7,
  "fields": {
    "owner": 3,
    "subject": 35,
    "title": "Java Core",
    "slug": "java-core",
    "overview": "Курс «Java Core» охватывает фундаментальные концепции языка программирования Java — от базового синтаксиса до объектно-ориентированного программирования. Вы изучите работу с классами, коллекциями, исключениями и потоками, а также научитесь писать надёжные и масштабируемые приложения. Программа создаёт прочную основу для дальнейшего изучения Java-разработки и перехода к работе с фреймворками.",
    "created": "2025-10-16T19:43:28.100Z"
  }
},
{
  "model": "courses.course",
  "pk": 8,
  "fields": {
    "owner": 3,
    "subject": 35,
    "title": "Spring Framework",
    "slug": "spring-framework",
    "overview": "Курс «Spring Framework» обучает созданию мощных и гибких веб-приложений на Java с использованием одного из самых востребованных фреймворков в индустрии. Вы освоите принципы инверсии управления, внедрения зависимостей, работу с базами данных и создание REST API. Программа подойдёт тем, кто уже знаком с Java Core и хочет перейти на уровень профессиональной серверной разработки.",
    "created": "2025-10-16T19:44:06.964Z"
  }
},
{
  "model": "courses.course",
  "pk": 9,
  "fields": {
    "owner": 3,
    "subject": 35,
    "title": "Android Development",
    "slug": "android-development",
    "overview": "Курс «Android Development» научит вас разрабатывать современные мобильные приложения под Android с нуля. Вы освоите работу с Android Studio, языками Kotlin и Java, интерфейсами, сетевыми запросами и базами данных. Программа подойдёт всем, кто хочет создавать функциональные и привлекательные приложения для миллионов пользователей по всему миру.",
    "created": "2025-10-16T19:44:53.246Z"
  }
},
{
  "model": "courses.course",
  "pk": 10,
  "fields": {
    "owner": 3,
    "subject": 36,
    "title": "React",
    "slug": "react",
    "overview": "Курс «React» познакомит вас с одним из самых популярных фреймворков для фронтенд-разработки. Вы научитесь создавать динамичные и интерактивные веб-интерфейсы, работать с компонентами, состоянием и маршрутизацией. Программа подойдёт как начинающим разработчикам, так и тем, кто хочет перейти на современные стандарты веб-разработки.",
    "created": "2025-10-16T19:45:58.285Z"
  }
},
{
  "model": "courses.course",
  "pk": 11,
  "fields": {
    "owner": 3,
    "subject": 36,
    "title": "Node.js",
    "slug": "node-js",
    "overview": "Курс «Node.js» обучает созданию высокопроизводительных серверных приложений с использованием JavaScript. Вы освоите работу с модулями, потоками, базами данных и построением REST API, а также узнаете, как создавать масштабируемые бэкенд-системы. Программа идеально подходит для тех, кто хочет развиваться в направлении full-stack или серверной разработки.",
    "created": "2025-10-16T19:46:37.971Z"
  }
},
{
  "model": "courses.course",
  "pk": 12,
  "fields": {
    "owner": 3,
    "subject": 36,
    "title": "Vue.js",
    "slug": "vue-js",
    "overview": "Курс «Vue.js» научит вас разрабатывать современные и интерактивные веб-интерфейсы с использованием одного из самых удобных JavaScript-фреймворков. Вы освоите работу с компонентами, реактивными данными, маршрутизацией и управлением состоянием. Программа подойдёт разработчикам, стремящимся создавать быстрые и гибкие фронтенд-приложения.",
    "created": "2025-10-16T19:47:12.090Z"
  }
},
{
  "model": "courses.course",
  "pk": 13,
  "fields": {
    "owner": 3,
    "subject": 36,
    "title": "Angular",
    "slug": "angular",
    "overview": "Курс «Angular» обучает созданию масштабируемых веб-приложений с использованием современного TypeScript-фреймворка от Google. Вы изучите архитектуру компонентов, работу с формами, сервисами, маршрутизацией и взаимодействием с API. Программа подойдёт разработчикам, желающим создавать надёжные корпоративные решения и освоить промышленный подход к фронтенд-разработке.",
    "created": "2025-10-16T19:47:51.501Z"
  }
},
{
  "model": "courses.course",
  "pk": 14,
  "fields": {
    "owner": 2,
    "subject": 37,
    "title": "Основы Rust",
    "slug": "osnovy-rust",
    "overview": "Курс «Основы Rust» познакомит вас с современным системным языком программирования, ориентированным на безопасность и высокую производительность. Вы изучите основы синтаксиса, управление памятью без сборщика мусора, работу с типами и потоками. Программа подойдёт разработчикам, стремящимся писать надёжный, эффективный и безопасный код.",
    "created": "2025-10-16T19:49:08.485Z"
  }
},
{
  "model": "courses.course",
  "pk": 15,
  "fields": {
    "owner": 2,
    "subject": 37,
    "title": "Системное программирование",
    "slug": "sistemnoe-programmirovanie",
    "overview": "Курс «Системное программирование» обучает созданию программ, взаимодействующих напрямую с операционной системой и аппаратным обеспечением. Вы освоите работу с памятью, процессами, потоками, файловыми системами и низкоуровневыми интерфейсами. Программа подходит тем, кто хочет углубить знания в разработке высокопроизводительных и надежных системных приложений.",
    "created": "2025-10-16T19:49:40.951Z"
  }
},
{
  "model": "courses.course",
  "pk": 16,
  "fields": {
    "owner": 2,
    "subject": 37,
    "title": "WebAssembly",
    "slug": "webassembly",
    "overview": "Курс «WebAssembly» познакомит вас с технологией, позволяющей запускать высокопроизводительный код в браузере. Вы изучите основы компиляции из языков вроде C, C++ и Rust в WebAssembly, взаимодействие с JavaScript и оптимизацию веб-приложений. Программа подойдёт разработчикам, стремящимся создавать быстрые и эффективные веб-приложения нового поколения.",
    "created": "2025-10-16T19:50:19.880Z"
  }
},
{
  "model": "courses.course",
  "pk": 17,
  "fields": {
    "owner": 1,
    "subject": 39,
    "title": "Основы ML и подготовка данных",
    "slug": "osnovy-ml-i-podgotovka-dannykh",
    "overview": "Курс «Основы ML и подготовка данных» обучает базовым методам машинного обучения и работе с данными для построения моделей. Вы освоите очистку, трансформацию и визуализацию данных, а также подготовку их для обучения алгоритмов. Программа идеально подходит новичкам, желающим начать путь в Data Science и искусственный интеллект.",
    "created": "2025-10-16T20:00:13.624Z"
  }
},
{
  "model": "courses.course",
  "pk": 18,
  "fields": {
    "owner": 1,
    "subject": 39,
    "title": "Классические алгоритмы ML",
    "slug": "klassicheskie-algoritmy-ml",
    "overview": "Курс «Классические алгоритмы ML» познакомит вас с основными методами машинного обучения, включая регрессию, классификацию и кластеризацию. Вы научитесь выбирать и применять алгоритмы для анализа данных, оценивать их эффективность и оптимизировать модели. Программа подходит тем, кто хочет углубить практические навыки в традиционных подходах к ML.",
    "created": "2025-10-16T20:00:57.384Z"
  }
},
{
  "model": "courses.course",
  "pk": 19,
  "fields": {
    "owner": 1,
    "subject": 39,
    "title": "Продвинутые методы и оценка моделей",
    "slug": "prodvinutye-metody-i-otsenka-modelei",
    "overview": "Курс «Продвинутые методы и оценка моделей» обучает использованию сложных алгоритмов машинного обучения и методам оценки их качества. Вы освоите ансамблевые модели, методы регуляризации, кросс-валидацию и метрики производительности. Программа предназначена для тех, кто хочет создавать точные и надёжные модели в реальных задачах анализа данных.",
    "created": "2025-10-16T20:01:35.742Z"
  }
},
{
  "model": "courses.course",
  "pk": 20,
  "fields": {
    "owner": 1,
    "subject": 40,
    "title": "Эксплоративный анализ",
    "slug": "eksplorativnyi-analiz",
    "overview": "Курс «Эксплоративный анализ» научит вас исследовать и визуализировать данные для выявления скрытых закономерностей и аномалий. Вы освоите методы статистического анализа, построение графиков и подготовку данных для дальнейшего моделирования. Программа подходит аналитикам и разработчикам, стремящимся принимать обоснованные решения на основе данных.",
    "created": "2025-10-16T20:03:16.008Z"
  }
},
{
  "model": "courses.course",
  "pk": 21,
  "fields": {
    "owner": 1,
    "subject": 40,
    "title": "Статистическое тестирование",
    "slug": "statisticheskoe-testirovanie",
    "overview": "Курс «Статистическое тестирование» обучает применению методов статистики для проверки гипотез и анализа данных. Вы изучите распределения, критерии значимости, доверительные интервалы и методы оценки результатов экспериментов. Программа подходит аналитикам и исследователям, стремящимся принимать решения на основе объективных статистических выводов.",
    "created": "2025-10-16T20:04:15.671Z"
  }
},
{
  "model": "courses.course",
  "pk": 22,
  "fields": {
    "owner": 1,
    "subject": 40,
    "title": "Временные ряды и прогнозирование",
    "slug": "vremennye-riady-i-prognozirovanie",
    "overview": "Курс «Временные ряды и прогнозирование» обучает анализу данных, зависящих от времени, и созданию моделей прогнозирования. Вы освоите методы выявления трендов, сезонности, автокорреляции и построение предсказательных моделей. Программа подходит аналитикам и специалистам по Data Science, желающим предсказывать динамику показателей и оптимизировать бизнес-процессы.",
    "created": "2025-10-16T20:05:29.519Z"
  }
},
{
  "model": "courses.course",
  "pk": 23,
  "fields": {
    "owner": 1,
    "subject": 41,
    "title": "Основы Big Data",
    "slug": "osnovy-big-data",
    "overview": "Курс «Основы Big Data» познакомит вас с методами обработки и анализа больших объёмов данных. Вы изучите архитектуры распределённых систем, инструменты для хранения и обработки данных, а также основы работы с Hadoop и Spark. Программа подходит начинающим аналитикам и разработчикам, желающим работать с масштабными данными.",
    "created": "2025-10-16T20:06:20.662Z"
  }
},
{
  "model": "courses.course",
  "pk": 24,
  "fields": {
    "owner": 1,
    "subject": 41,
    "title": "Обработка больших данных",
    "slug": "obrabotka-bolshikh-dannykh",
    "overview": "Курс «Обработка больших данных» обучает практическим методам работы с объёмными и разнообразными данными. Вы освоите инструменты распределённой обработки, оптимизацию вычислений и работу с фреймворками вроде Hadoop и Spark. Программа подходит аналитикам и разработчикам, стремящимся эффективно извлекать знания из больших данных.",
    "created": "2025-10-16T20:06:56.238Z"
  }
},
{
  "model": "courses.course",
  "pk": 25,
  "fields": {
    "owner": 1,
    "subject": 41,
    "title": "Управление Big Data инфраструктурой",
    "slug": "upravlenie-big-data-infrastrukturoi",
    "overview": "Курс «Управление Big Data инфраструктурой» обучает созданию и поддержке масштабируемых систем для обработки больших данных. Вы изучите архитектуру распределённых хранилищ, управление кластерами, мониторинг и оптимизацию производительности. Программа подходит специалистам, желающим эффективно организовать и поддерживать инфраструктуру для аналитики и обработки данных.",
    "created": "2025-10-16T20:07:27.970Z"
  }
},
{
  "model": "courses.course",
  "pk": 26,
  "fields": {
    "owner": 1,
    "subject": 48,
    "title": "Ethical Hacking",
    "slug": "ethical-hacking",
    "overview": "«Ethical Hacking» обучает методам этичного взлома и защите информационных систем: вы изучите поиск уязвимостей, тестирование на проникновение и работу с распространёнными инструментами (Nmap, Metasploit, Burp Suite). Программа охватывает правовые и этические аспекты, методы защиты и практические лаборатории для отработки реальных сценариев.",
    "created": "2025-10-16T20:10:00.724Z"
  }
},
{
  "model": "courses.course",
  "pk": 27,
  "fields": {
    "owner": 1,
    "subject": 48,
    "title": "Сетевая безопасность",
    "slug": "setevaia-bezopasnost",
    "overview": "Курс «Сетевая безопасность» обучает защите компьютерных сетей от угроз и атак. Вы изучите принципы построения безопасных сетей, настройку межсетевых экранов, VPN, IDS/IPS и методы обнаружения вторжений. Программа подходит специалистам, стремящимся обеспечивать надёжность и защиту корпоративной и личной инфраструктуры.",
    "created": "2025-10-16T20:10:43.393Z"
  }
},
{
  "model": "courses.course",
  "pk": 28,
  "fields": {
    "owner": 1,
    "subject": 48,
    "title": "Penetration Testing",
    "slug": "penetration-testing",
    "overview": "«Penetration Testing» обучит методам планирования и проведения целенаправленных проверок безопасности приложений, сетей и инфраструктуры. Вы освоите сбор информации, эксплуатацию уязвимостей, эскалацию привилегий и подготовку профессиональных отчётов, а также правовые и этические аспекты тестирования. Программа содержит практические лаборатории с современными инструментами для отработки реальных сценариев.",
    "created": "2025-10-16T20:11:36.421Z"
  }
},
{
  "model": "courses.module",
  "pk": 7,
  "fields": {
    "course": 28,
    "title": "Методологии и планирование тестирования",
    "description": "Модуль «Методологии и планирование тестирования» познакомит с основными подходами к тестированию (Waterfall, V-Model, Agile) и научит формировать тестовую стратегию, оценивать риски и составлять детальные планы. Практические приёмы помогут определить объём работ, критерии выхода и метрики для контроля качества.",
    "order": 0
  }
},
{
  "model": "courses.module",
  "pk": 8,
  "fields": {
    "course": 28,
    "title": "Практическое тестирование",
    "description": "модуль «Практическое тестирование» обучает применению тестовых сценариев на практике — от ручного тестирования до использования автоматизированных инструментов. Вы освоите поиск и документирование дефектов, анализ результатов и взаимодействие с командами разработки.",
    "order": 1
  }
},
{
  "model": "courses.module",
  "pk": 9,
  "fields": {
    "course": 28,
    "title": "Специализированное тестирование и отчетность",
    "description": "модуль «Специализированное тестирование и отчётность» охватывает методы тестирования производительности, безопасности и совместимости. Вы научитесь формировать подробные отчёты, интерпретировать результаты и представлять их в удобной форме для принятия решений по качеству продукта.",
    "order": 2
  }
},
{
  "model": "courses.module",
  "pk": 10,
  "fields": {
    "course": 27,
    "title": "Основы сетевой безопасности",
    "description": "«Основы сетевой безопасности» знакомит с принципами защиты сетевой инфраструктуры и основными типами угроз. Вы изучите методы шифрования, аутентификации, фильтрации трафика и построения защищённых сетевых архитектур.",
    "order": 0
  }
},
{
  "model": "courses.module",
  "pk": 11,
  "fields": {
    "course": 27,
    "title": "Защита сетевой инфраструктуры",
    "description": "«Защита сетевой инфраструктуры» обучает применению практических методов обеспечения безопасности сетей. Вы освоите настройку межсетевых экранов, систем обнаружения вторжений, VPN и стратегий сегментации для предотвращения атак и утечек данных.",
    "order": 1
  }
},
{
  "model": "courses.module",
  "pk": 12,
  "fields": {
    "course": 27,
    "title": "Корпоративная сетевая безопасность",
    "description": "«Корпоративная сетевая безопасность» раскрывает подходы к защите сложных корпоративных сетей и управлению политиками безопасности. Вы изучите организацию многоуровневой защиты, мониторинг инцидентов и использование SIEM-систем для предотвращения и анализа угроз.",
    "order": 2
  }
},
{
  "model": "courses.module",
  "pk": 13,
  "fields": {
    "course": 26,
    "title": "Основы тестирования на проникновение",
    "description": "«Основы тестирования на проникновение» познакомит с этапами пентестинга — сбором информации, сканированием, эксплуатацией уязвимостей и эскалацией привилегий. Практические лаборатории и разбор правовых аспектов научат проводить безопасные и корректно документированные проверки безопасности.",
    "order": 0
  }
},
{
  "model": "courses.module",
  "pk": 14,
  "fields": {
    "course": 26,
    "title": "Взлом веб-приложений и сетей",
    "description": "«Взлом веб-приложений и сетей» изучает методы выявления и оценки уязвимостей в веб-приложениях и сетевой инфраструктуре с акцентом на этичность и безопасность. Обучение проводится через контролируемые лаборатории и разбор правовых аспектов, чтобы применять знания исключительно для защиты и укрепления систем.",
    "order": 1
  }
},
{
  "model": "courses.module",
  "pk": 15,
  "fields": {
    "course": 26,
    "title": "Продвинутые техники и отчетность",
    "description": "«Продвинутые техники и отчетность» обучает сложным приёмам тестирования — продвинутой эксплуатации, латеральному перемещению, эскалации привилегий, уклонению от детектирования и пост-эксплуатации. Вы научитесь собирать доказательства и формировать профессиональные отчёты с рейтингом рисков, пошаговыми PoC и конкретными рекомендациями по устранению уязвимостей для технической и руководящей аудитории.",
    "order": 2
  }
},
{
  "model": "courses.module",
  "pk": 16,
  "fields": {
    "course": 25,
    "title": "Кластерное управление",
    "description": "«Кластерное управление» обучает созданию и эффективной эксплуатации кластеров для обработки больших данных. Вы освоите настройку узлов, распределение задач, мониторинг состояния и оптимизацию производительности систем.",
    "order": 0
  }
},
{
  "model": "courses.module",
  "pk": 17,
  "fields": {
    "course": 25,
    "title": "Data governance в Big Data",
    "description": "«Data Governance в Big Data» знакомит с управлением качеством, безопасностью и соответствием данных в масштабных системах. Вы изучите политики доступа, классификацию данных и стандарты управления информацией для надёжной и контролируемой работы с большими данными.",
    "order": 1
  }
},
{
  "model": "courses.module",
  "pk": 18,
  "fields": {
    "course": 25,
    "title": "Security и compliance",
    "description": "«Security и Compliance» обучает обеспечению безопасности данных и соблюдению нормативных требований в корпоративных системах. Вы изучите методы защиты информации, аудит, управление доступом и соответствие стандартам безопасности и законодательству.",
    "order": 2
  }
},
{
  "model": "courses.module",
  "pk": 19,
  "fields": {
    "course": 24,
    "title": "Apache Spark основы",
    "description": "«Apache Spark: основы» познакомит с платформой для распределённой обработки больших данных. Вы освоите работу с RDD и DataFrame, выполнение параллельных вычислений и базовые операции трансформации и агрегации данных.",
    "order": 0
  }
},
{
  "model": "courses.module",
  "pk": 20,
  "fields": {
    "course": 24,
    "title": "Spark SQL, DataFrames",
    "description": "«Spark SQL и DataFrames» обучает эффективной работе с данными в Spark с использованием SQL-запросов и структурированных DataFrame. Вы освоите фильтрацию, агрегацию, объединение данных и оптимизацию вычислений для аналитики больших объёмов информации.",
    "order": 1
  }
},
{
  "model": "courses.module",
  "pk": 21,
  "fields": {
    "course": 24,
    "title": "Spark Streaming",
    "description": "«Spark Streaming» обучает обработке потоковых данных в реальном времени с использованием Apache Spark. Вы освоите приём, трансформацию и анализ потоков данных, а также интеграцию с источниками событий и системами хранения.",
    "order": 2
  }
},
{
  "model": "courses.module",
  "pk": 22,
  "fields": {
    "course": 23,
    "title": "Архитектура Big Data систем",
    "description": "«Архитектура Big Data систем» знакомит с проектированием масштабируемых и отказоустойчивых систем для обработки больших данных. Вы изучите компоненты хранилищ, распределённые вычисления, потоки данных и принципы взаимодействия между сервисами.",
    "order": 0
  }
},
{
  "model": "courses.module",
  "pk": 23,
  "fields": {
    "course": 23,
    "title": "Data lakes vs data warehouses",
    "description": "«Data Lakes vs Data Warehouses» объясняет различия между хранилищами данных и озёрами данных, их архитектуру, назначение и подходы к хранению информации. Вы изучите, когда использовать каждый подход и как оптимизировать обработку и аналитические задачи.",
    "order": 1
  }
},
{
  "model": "courses.module",
  "pk": 24,
  "fields": {
    "course": 22,
    "title": "Анализ временных рядов",
    "description": "«Анализ временных рядов» обучает выявлению закономерностей и трендов в данных, зависящих от времени. Вы освоите методы сезонного сглаживания, автокорреляции и построение предсказательных моделей для прогнозирования будущих значений.",
    "order": 0
  }
},
{
  "model": "courses.module",
  "pk": 25,
  "fields": {
    "course": 22,
    "title": "Тренды, сезонность, циклы",
    "description": "«Тренды, сезонность, циклы» обучает выявлению и анализу ключевых компонентов временных рядов. Вы научитесь распознавать долгосрочные изменения, повторяющиеся паттерны и циклические колебания для точного прогнозирования и принятия решений.",
    "order": 1
  }
},
{
  "model": "courses.module",
  "pk": 26,
  "fields": {
    "course": 22,
    "title": "ARIMA, Prophet модели",
    "description": "«ARIMA и Prophet модели» обучает построению прогнозов временных рядов с использованием классических и современных подходов. Вы освоите настройку параметров моделей, оценку точности прогнозов и применение их для предсказания будущих значений данных.",
    "order": 2
  }
},
{
  "model": "courses.module",
  "pk": 27,
  "fields": {
    "course": 21,
    "title": "A/B тестирование",
    "description": "«A/B тестирование» обучает планированию и проведению экспериментов для оценки эффективности изменений в продуктах или процессах. Вы освоите формирование гипотез, выбор выборок, анализ результатов и принятие решений на основе статистических выводов.",
    "order": 0
  }
},
{
  "model": "courses.module",
  "pk": 28,
  "fields": {
    "course": 21,
    "title": "Проверка гипотез",
    "description": "«Проверка гипотез» обучает статистическим методам подтверждения или опровержения предположений о данных. Вы освоите формирование нулевых и альтернативных гипотез, выбор критериев значимости и интерпретацию результатов тестирования.",
    "order": 1
  }
},
{
  "model": "courses.module",
  "pk": 29,
  "fields": {
    "course": 20,
    "title": "Статистический анализ данных",
    "description": "«Статистический анализ данных» обучает методам описательной и инференциальной статистики для изучения данных. Вы освоите распределения, корреляции, регрессионный анализ и визуализацию результатов для обоснованного принятия решений.",
    "order": 0
  }
},
{
  "model": "courses.module",
  "pk": 30,
  "fields": {
    "course": 20,
    "title": "Визуализация распределений",
    "description": "«Визуализация распределений» обучает графическому представлению данных для выявления закономерностей и аномалий. Вы освоите построение гистограмм, плотностей, ящиков с усами и других методов визуализации распределений.",
    "order": 1
  }
},
{
  "model": "courses.module",
  "pk": 31,
  "fields": {
    "course": 17,
    "title": "Типы ML: supervised/unsupervised learning",
    "description": "«Типы ML: supervised и unsupervised learning» объясняет различия между обучением с учителем и без учителя. Вы изучите, когда применять каждый подход, основные алгоритмы и способы оценки эффективности моделей.",
    "order": 0
  }
},
{
  "model": "courses.module",
  "pk": 32,
  "fields": {
    "course": 17,
    "title": "Предобработка данных: scaling, encoding",
    "description": "«Предобработка данных: scaling и encoding» обучает подготовке данных для машинного обучения. Вы освоите нормализацию, стандартизацию, кодирование категориальных признаков и другие методы, повышающие качество и точность моделей.",
    "order": 1
  }
},
{
  "model": "courses.module",
  "pk": 33,
  "fields": {
    "course": 17,
    "title": "Feature engineering, выбор признаков",
    "description": "«Feature engineering и выбор признаков» обучает созданию и отбору информативных признаков для улучшения качества моделей. Вы освоите методы генерации, трансформации и оценки важности признаков для повышения точности и устойчивости алгоритмов.",
    "order": 2
  }
},
{
  "model": "courses.module",
  "pk": 34,
  "fields": {
    "course": 18,
    "title": "Линейная и логистическая регрессия",
    "description": "«Линейная и логистическая регрессия» обучает построению моделей для предсказания числовых и категориальных значений. Вы освоите настройку параметров, оценку качества моделей и интерпретацию коэффициентов для анализа зависимостей в данных.",
    "order": 0
  }
},
{
  "model": "courses.module",
  "pk": 35,
  "fields": {
    "course": 18,
    "title": "Деревья решений, случайный лес",
    "description": "«Деревья решений и случайный лес» обучает построению и применению деревьев для классификации и регрессии, а также ансамблевых моделей для повышения точности. Вы освоите настройку параметров, оценку важности признаков и методы борьбы с переобучением.",
    "order": 1
  }
},
{
  "model": "courses.module",
  "pk": 36,
  "fields": {
    "course": 18,
    "title": "Метод k-ближайших соседей (KNN)",
    "description": "«Метод k-ближайших соседей (KNN)» обучает классификации и регрессии на основе близости объектов в пространстве признаков. Вы освоите выбор числа соседей, метрики расстояния и оценку точности модели для эффективного анализа данных.",
    "order": 2
  }
},
{
  "model": "courses.module",
  "pk": 37,
  "fields": {
    "course": 19,
    "title": "Типы ML: supervised/unsupervised learning",
    "description": "«Типы ML: supervised и unsupervised learning» объясняет различия между обучением с учителем и без учителя. Вы изучите основные алгоритмы каждого типа и способы оценки их эффективности на практике.",
    "order": 0
  }
},
{
  "model": "courses.module",
  "pk": 38,
  "fields": {
    "course": 19,
    "title": "Предобработка данных: scaling, encoding",
    "description": "«Предобработка данных: scaling и encoding» обучает подготовке данных для машинного обучения. Вы освоите нормализацию, стандартизацию и кодирование категориальных признаков для улучшения работы моделей.",
    "order": 1
  }
},
{
  "model": "courses.module",
  "pk": 39,
  "fields": {
    "course": 4,
    "title": "Django: Основы и модели",
    "description": "«Django: основы и модели» обучает созданию веб-приложений на фреймворке Django с нуля. Вы освоите структуру проекта, работу с моделями, ORM и настройку базы данных для хранения и управления данными.",
    "order": 0
  }
},
{
  "model": "courses.module",
  "pk": 40,
  "fields": {
    "course": 4,
    "title": "Django: Шаблоны и формы",
    "description": "«Django: шаблоны и формы» обучает созданию динамичных пользовательских интерфейсов и обработке данных от пользователей. Вы освоите работу с шаблонизатором Django, формами, валидацией и передачей данных между фронтендом и сервером.",
    "order": 1
  }
},
{
  "model": "courses.module",
  "pk": 41,
  "fields": {
    "course": 4,
    "title": "REST API с FastAPI/Django REST",
    "description": "«REST API с FastAPI/Django REST» обучает созданию и документированию API для взаимодействия фронтенда и бэкенда. Вы освоите маршрутизацию, сериализацию данных, аутентификацию и построение масштабируемых сервисов на основе REST-архитектуры.",
    "order": 2
  }
},
{
  "model": "courses.module",
  "pk": 42,
  "fields": {
    "course": 5,
    "title": "Основы анализа данных с Pandas",
    "description": "«Основы анализа данных с Pandas» обучает работе с табличными данными с использованием одной из самых популярных библиотек Python. Вы освоите загрузку, фильтрацию, агрегацию и преобразование данных для последующего анализа и визуализации.",
    "order": 0
  }
},
{
  "model": "courses.module",
  "pk": 43,
  "fields": {
    "course": 5,
    "title": "Численные вычисления с NumPy",
    "description": "«Численные вычисления с NumPy» обучает эффективной работе с массивами и матрицами данных. Вы освоите векторные операции, трансформации, статистические функции и методы оптимизации вычислений для анализа и моделирования.",
    "order": 1
  }
},
{
  "model": "courses.module",
  "pk": 44,
  "fields": {
    "course": 5,
    "title": "Визуализация и предобработка данных",
    "description": "«Визуализация и предобработка данных» обучает подготовке и наглядному представлению данных для анализа. Вы освоите методы очистки, нормализации и визуализации с помощью библиотек Matplotlib и Seaborn для выявления закономерностей и аномалий.",
    "order": 2
  }
},
{
  "model": "courses.module",
  "pk": 45,
  "fields": {
    "course": 6,
    "title": "Системное администрирование",
    "description": "«Системное администрирование» обучает управлению и поддержке серверных и пользовательских систем. Вы освоите настройку операционных систем, управление пользователями и процессами, автоматизацию задач и обеспечение стабильной работы инфраструктуры.",
    "order": 0
  }
},
{
  "model": "courses.module",
  "pk": 46,
  "fields": {
    "course": 6,
    "title": "Автоматизация веб-задач",
    "description": "«Автоматизация веб-задач» обучает созданию скриптов для взаимодействия с веб-сайтами и онлайн-сервисами. Вы освоите работу с библиотеками для парсинга, автоматизации браузера и обработки запросов, что позволит ускорить выполнение рутинных веб-операций.",
    "order": 1
  }
},
{
  "model": "courses.module",
  "pk": 47,
  "fields": {
    "course": 6,
    "title": "Инструменты и продвинутая автоматизация",
    "description": "«Инструменты и продвинутая автоматизация» обучает использованию современных средств для комплексной автоматизации процессов. Вы освоите работу с планировщиками задач, API, системами оркестрации и интеграции, создавая надёжные и масштабируемые автоматизированные решения.",
    "order": 2
  }
},
{
  "model": "courses.module",
  "pk": 48,
  "fields": {
    "course": 14,
    "title": "Синтаксис и система владения",
    "description": "«Синтаксис и система владения» обучает основам языка Rust и его уникальной модели управления памятью. Вы изучите базовый синтаксис, понятия владения, заимствования и времени жизни, что позволит писать безопасный и производительный код без утечек памяти.",
    "order": 0
  }
},
{
  "model": "courses.module",
  "pk": 49,
  "fields": {
    "course": 14,
    "title": "Типы данных и обработка ошибок",
    "description": "«Типы данных и обработка ошибок» обучает работе с различными типами данных в Rust и эффективной обработке исключительных ситуаций. Вы освоите числовые, строковые и составные типы, а также использование Result и Option для безопасного управления ошибками.",
    "order": 1
  }
},
{
  "model": "courses.module",
  "pk": 50,
  "fields": {
    "course": 15,
    "title": "Память и многопоточность",
    "description": "«Память и многопоточность» обучает управлению памятью и организации безопасного параллельного выполнения в Rust. Вы освоите работу с указателями, потоками, синхронизацию и предотвращение условий гонки для создания эффективных и надёжных приложений.",
    "order": 0
  }
},
{
  "model": "courses.module",
  "pk": 51,
  "fields": {
    "course": 15,
    "title": "Низкоуровневое программирование",
    "description": "«Низкоуровневое программирование» обучает взаимодействию программ с операционной системой и аппаратным обеспечением. Вы освоите работу с памятью, процессами, потоками и системными вызовами для создания высокопроизводительных и стабильных приложений.",
    "order": 1
  }
},
{
  "model": "courses.module",
  "pk": 52,
  "fields": {
    "course": 16,
    "title": "Основы WebAssembly с Rust",
    "description": "«Основы WebAssembly с Rust» обучает созданию высокопроизводительного кода для запуска в браузере с помощью Rust. Вы освоите компиляцию в WebAssembly, взаимодействие с JavaScript и интеграцию в веб-приложения для ускорения вычислений.",
    "order": 0
  }
},
{
  "model": "courses.module",
  "pk": 53,
  "fields": {
    "course": 16,
    "title": "Высокопроизводительные Web-приложения",
    "description": "«Высокопроизводительные Web-приложения» обучает оптимизации веб-приложений для быстрой и стабильной работы. Вы освоите методы кэширования, асинхронной обработки, минимизации ресурсов и профилирования производительности.",
    "order": 1
  }
},
{
  "model": "courses.module",
  "pk": 54,
  "fields": {
    "course": 16,
    "title": "Серверный WASM и embedded",
    "description": "«Серверный WASM и embedded» обучает использованию WebAssembly вне браузера и внедрению Rust в встроенные системы. Вы освоите создание серверных приложений на WASM и разработку для IoT-устройств и микроконтроллеров с высокой производительностью и безопасностью.",
    "order": 2
  }
},
{
  "model": "courses.module",
  "pk": 55,
  "fields": {
    "course": 7,
    "title": "Основы языка и ООП",
    "description": "Основы языка и ООП — обучает базовому синтаксису Java и принципам объектно-ориентированного программирования. Вы освоите классы, объекты, наследование, полиморфизм и инкапсуляцию.",
    "order": 0
  }
},
{
  "model": "courses.module",
  "pk": 56,
  "fields": {
    "course": 7,
    "title": "Продвинутые возможности Java",
    "description": "Продвинутые возможности Java — знакомит с коллекциями, потоками, исключениями и многопоточностью. Вы научитесь писать более эффективный и надёжный код.",
    "order": 1
  }
},
{
  "model": "courses.module",
  "pk": 57,
  "fields": {
    "course": 7,
    "title": "Современные фичи и инструменты",
    "description": "Современные фичи и инструменты — обучает использованию современных возможностей Java, включая лямбда-выражения, Stream API и новые версии языка. Вы освоите эффективные инструменты разработки и практики оптимизации.",
    "order": 2
  }
},
{
  "model": "courses.module",
  "pk": 58,
  "fields": {
    "course": 8,
    "title": "Spring Core и DI",
    "description": "Spring Core и DI — знакомит с основами Spring Framework и принципами внедрения зависимостей. Вы научитесь строить масштабируемые и легко тестируемые приложения.",
    "order": 0
  }
},
{
  "model": "courses.module",
  "pk": 59,
  "fields": {
    "course": 8,
    "title": "Spring MVC и Data",
    "description": "Spring MVC и Data — обучает созданию веб-приложений с использованием Spring MVC и работы с базами данных через Spring Data. Вы освоите маршрутизацию, шаблоны и CRUD-операции.",
    "order": 1
  }
},
{
  "model": "courses.module",
  "pk": 60,
  "fields": {
    "course": 8,
    "title": "Spring Security и Microservices",
    "description": "Spring Security и Microservices — обучает обеспечению безопасности приложений и созданию микросервисной архитектуры. Вы освоите аутентификацию, авторизацию и взаимодействие между сервисами.",
    "order": 2
  }
},
{
  "model": "courses.module",
  "pk": 61,
  "fields": {
    "course": 9,
    "title": "Основы Android разработки",
    "description": "Основы Android разработки — знакомит с разработкой мобильных приложений на Android. Вы освоите работу с интерфейсами, жизненным циклом Activity, хранением данных и пользовательским взаимодействием.",
    "order": 0
  }
},
{
  "model": "courses.module",
  "pk": 62,
  "fields": {
    "course": 9,
    "title": "Архитектура и данные",
    "description": "Архитектура и данные — обучает проектированию структур приложений и работе с базами данных на Android. Вы изучите архитектурные паттерны, управление состоянием и эффективную работу с данными.",
    "order": 1
  }
},
{
  "model": "courses.module",
  "pk": 63,
  "fields": {
    "course": 9,
    "title": "Публикация и продвинутые темы",
    "description": "Публикация и продвинутые темы — обучает подготовке приложений к публикации, оптимизации и использованию продвинутых функций Android. Вы освоите отладку, тестирование, сборку и публикацию приложений в Google Play.",
    "order": 2
  }
},
{
  "model": "courses.module",
  "pk": 64,
  "fields": {
    "course": 10,
    "title": "Основы React и JSX",
    "description": "Основы React и JSX — обучает созданию компонентов и написанию интерфейсов с использованием JSX. Вы освоите базовую структуру приложений и принципы работы виртуального DOM.",
    "order": 0
  }
},
{
  "model": "courses.module",
  "pk": 65,
  "fields": {
    "course": 10,
    "title": "Управление состоянием и маршрутизация",
    "description": "Управление состоянием и маршрутизация — обучает организации состояния приложения и навигации между страницами. Вы освоите использование Context, Redux и React Router.",
    "order": 1
  }
},
{
  "model": "courses.module",
  "pk": 66,
  "fields": {
    "course": 10,
    "title": "Продвинутые паттерны и экосистема",
    "description": "Продвинутые паттерны и экосистема — знакомит с архитектурными паттернами, хуками и интеграцией с популярными библиотеками экосистемы React. Вы научитесь создавать масштабируемые и поддерживаемые приложения.",
    "order": 2
  }
},
{
  "model": "courses.module",
  "pk": 67,
  "fields": {
    "course": 11,
    "title": "Основы Node.js и Express",
    "description": "Основы Node.js и Express — обучает разработке серверных приложений на JavaScript. Вы освоите маршрутизацию, обработку запросов и построение REST API.",
    "order": 0
  }
},
{
  "model": "courses.module",
  "pk": 68,
  "fields": {
    "course": 11,
    "title": "Базы данных и аутентификация",
    "description": "Базы данных и аутентификация — обучает работе с базами данных и безопасной аутентификации пользователей. Вы освоите взаимодействие с SQL/NoSQL и методы защиты данных.",
    "order": 1
  }
},
{
  "model": "courses.module",
  "pk": 69,
  "fields": {
    "course": 11,
    "title": "Производство и DevOps",
    "description": "Производство и DevOps — обучает развертыванию и поддержке приложений в продакшне. Вы освоите CI/CD, мониторинг, логирование и оптимизацию производительности.",
    "order": 2
  }
},
{
  "model": "courses.module",
  "pk": 70,
  "fields": {
    "course": 12,
    "title": "Основы Vue.js",
    "description": "Основы Vue.js — обучает созданию интерактивных интерфейсов с использованием Vue.js. Вы освоите компоненты, шаблоны и реактивные данные.",
    "order": 0
  }
},
{
  "model": "courses.module",
  "pk": 71,
  "fields": {
    "course": 12,
    "title": "Управление состоянием и композиция",
    "description": "Управление состоянием и композиция — обучает организации состояния приложения и композиции компонентов. Вы освоите Vuex, Composition API и лучшие практики масштабируемой архитектуры.",
    "order": 1
  }
},
{
  "model": "courses.module",
  "pk": 72,
  "fields": {
    "course": 12,
    "title": "Оптимизация и экосистема",
    "description": "Оптимизация и экосистема — обучает улучшению производительности и использованию дополнительных инструментов Vue. Вы освоите lazy loading, оптимизацию рендеринга и интеграцию с плагинами.",
    "order": 2
  }
},
{
  "model": "courses.module",
  "pk": 73,
  "fields": {
    "course": 13,
    "title": "TypeScript и основы Angular",
    "description": "TypeScript и основы Angular — знакомит с основами TypeScript и созданием приложений на Angular. Вы освоите компоненты, модули, директивы и базовые возможности фреймворка.",
    "order": 0
  }
},
{
  "model": "courses.module",
  "pk": 74,
  "fields": {
    "course": 13,
    "title": "Формы и маршрутизация",
    "description": "Формы и маршрутизация — обучает созданию форм, обработке данных и навигации в Angular. Вы освоите Reactive Forms, маршрутизацию и работу с сервисами.",
    "order": 1
  }
},
{
  "model": "courses.module",
  "pk": 75,
  "fields": {
    "course": 13,
    "title": "Продвинутые техники и продакшн",
    "description": "Продвинутые техники и продакшн — обучает созданию масштабируемых приложений Angular и подготовке их к продакшну. Вы освоите оптимизацию, тестирование и лучшие практики развёртывания.",
    "order": 2
  }
},
{
  "model": "courses.text",
  "pk": 1,
  "fields": {
    "owner": 2,
    "title": "ByRay",
    "created": "2025-10-10T18:27:02.556Z",
    "updated": "2025-10-10T18:27:02.556Z",
    "content": "fkjsjdfjdsfjsd;jfslj fjsdlkj flk;dsjfj ;lfjs;lkdjf ;lsjdl;kfj jfds;ljf;ls jf;ds"
  }
},
{
  "model": "courses.video",
  "pk": 1,
  "fields": {
    "owner": 2,
    "title": "Video",
    "created": "2025-10-10T19:00:40.003Z",
    "updated": "2025-10-10T19:00:40.003Z",
    "url": "http://127.0.0.1:8000/courses/module/4/content/video/create/"
  }
}
]
